{
  "_fv": 34,
  "_type": "tool",
  "definition": {
    "renderType": 1,
    "texture": "brass_portable_drill",
    "customModelName": "brass_portable_drill:default",
    "name": "Brass Drill",
    "specialInfo": [],
    "creativeTab": {
      "value": "TOOLS"
    },
    "toolType": "Pickaxe",
    "harvestLevel": 2,
    "efficiency": 6.0,
    "attackSpeed": 0.8,
    "enchantability": 0,
    "damageVsEntity": 2.0,
    "usageCount": 1000,
    "blocksAffected": [],
    "hasGlow": false,
    "repairItems": [],
    "immuneToFire": false,
    "stayInGridWhenCrafting": false,
    "damageOnCrafting": false
  }
}